<?xml version="1.0" encoding="UTF-8"?>
<beans xmlns:mvc="http://www.springframework.org/schema/mvc"
	xmlns="http://www.springframework.org/schema/beans" xmlns:xsi="http://www.w3.org/2001/XMLSchema-instance"
	xmlns:p="http://www.springframework.org/schema/p" xmlns:context="http://www.springframework.org/schema/context"
	xmlns:jee="http://www.springframework.org/schema/jee" xmlns:tx="http://www.springframework.org/schema/tx"
	xsi:schemaLocation="http://www.springframework.org/schema/beans http://www.springframework.org/schema/beans/spring-beans-2.5.xsd  
                http://www.springframework.org/schema/context http://www.springframework.org/schema/context/spring-context-2.5.xsd  
                http://www.springframework.org/schema/jee http://www.springframework.org/schema/jee/spring-jee-2.5.xsd  
                http://www.springframework.org/schema/tx http://www.springframework.org/schema/tx/spring-tx.xsd http://www.springframework.org/schema/mvc http://www.springframework.org/schema/mvc/spring-mvc.xsd">

	<!-- 对包中的所有类进行扫描，以完成Bean创建和自动依赖注入的功能 稍后会创建该包：webmvct.cmd -->
	<context:component-scan base-package="hpe.union.zj" />

	<mvc:annotation-driven>
		<!-- 启动JSON格式的配置 -->
		<mvc:message-converters>
			<bean id="jsonConverter"
				class="org.springframework.http.converter.json.MappingJackson2HttpMessageConverter">
				<property name="supportedMediaTypes">
					<list>
						<value>text/html;charset=UTF-8</value>  <!-- 避免IE出现下载JSON文件的情况 -->
					</list>
				</property>
			</bean>
		</mvc:message-converters>
	</mvc:annotation-driven>

	<!-- 定义Spring MVC 的模板文件 -->
	<bean id="viewResolver"
		class="org.springframework.web.servlet.view.InternalResourceViewResolver">
		<property name="viewClass"
			value="org.springframework.web.servlet.view.JstlView" />     <!-- 支持JSTL -->
		<property name="prefix" value="/WEB-INF/jsp/" />              <!-- 模板的路径 -->
		<property name="suffix" value=".jsp" />                <!-- 模板文件的后缀 -->
	</bean>

</beans>  